geoid,name,duration_sum,duration_difference,duration_reconciliation_status,coresident_components_sum,coresident_difference,coresident_reconciliation_status
13001,"Appling County, Georgia",250,0,Pass,511,0,Pass
13003,"Atkinson County, Georgia",94,0,Pass,232,0,Pass
13005,"Bacon County, Georgia",35,0,Pass,126,0,Pass
13007,"Baker County, Georgia",27,0,Pass,92,0,Pass
13009,"Baldwin County, Georgia",298,0,Pass,646,0,Pass
13011,"Banks County, Georgia",233,0,Pass,658,0,Pass
13013,"Barrow County, Georgia",385,0,Pass,2034,0,Pass
13015,"Bartow County, Georgia",1447,0,Pass,4363,0,Pass
13017,"Ben Hill County, Georgia",184,0,Pass,384,0,Pass
13019,"Berrien County, Georgia",300,0,Pass,499,0,Pass
13021,"Bibb County, Georgia",1048,0,Pass,2563,0,Pass
13023,"Bleckley County, Georgia",205,0,Pass,217,0,Pass
13025,"Brantley County, Georgia",491,0,Pass,742,0,Pass
13027,"Brooks County, Georgia",227,0,Pass,429,0,Pass
13029,"Bryan County, Georgia",318,0,Pass,818,0,Pass
13031,"Bulloch County, Georgia",1046,0,Pass,2009,0,Pass
13033,"Burke County, Georgia",500,0,Pass,798,0,Pass
13035,"Butts County, Georgia",254,0,Pass,655,0,Pass
13037,"Calhoun County, Georgia",8,0,Pass,63,0,Pass
13039,"Camden County, Georgia",312,0,Pass,1145,0,Pass
13043,"Candler County, Georgia",117,0,Pass,135,0,Pass
13045,"Carroll County, Georgia",1097,0,Pass,3475,0,Pass
13047,"Catoosa County, Georgia",798,0,Pass,1687,0,Pass
13049,"Charlton County, Georgia",137,0,Pass,404,0,Pass
13051,"Chatham County, Georgia",2176,0,Pass,5025,0,Pass
13053,"Chattahoochee County, Georgia",87,0,Pass,228,0,Pass
13055,"Chattooga County, Georgia",463,0,Pass,948,0,Pass
13057,"Cherokee County, Georgia",995,0,Pass,4587,0,Pass
13059,"Clarke County, Georgia",269,0,Pass,1589,0,Pass
13061,"Clay County, Georgia",36,0,Pass,127,0,Pass
13063,"Clayton County, Georgia",3318,0,Pass,8836,0,Pass
13065,"Clinch County, Georgia",46,0,Pass,161,0,Pass
13067,"Cobb County, Georgia",3775,0,Pass,14569,0,Pass
13069,"Coffee County, Georgia",613,0,Pass,1227,0,Pass
13071,"Colquitt County, Georgia",469,0,Pass,1186,0,Pass
13073,"Columbia County, Georgia",962,0,Pass,4213,0,Pass
13075,"Cook County, Georgia",191,0,Pass,426,0,Pass
13077,"Coweta County, Georgia",1744,0,Pass,3760,0,Pass
13079,"Crawford County, Georgia",115,0,Pass,347,0,Pass
13081,"Crisp County, Georgia",252,0,Pass,556,0,Pass
13083,"Dade County, Georgia",242,0,Pass,431,0,Pass
13085,"Dawson County, Georgia",175,0,Pass,551,0,Pass
13087,"Decatur County, Georgia",259,0,Pass,1093,0,Pass
13089,"DeKalb County, Georgia",5526,0,Pass,16072,0,Pass
13091,"Dodge County, Georgia",179,0,Pass,902,0,Pass
13093,"Dooly County, Georgia",57,0,Pass,276,0,Pass
13095,"Dougherty County, Georgia",855,0,Pass,1686,0,Pass
13097,"Douglas County, Georgia",1495,0,Pass,5233,0,Pass
13099,"Early County, Georgia",111,0,Pass,218,0,Pass
13101,"Echols County, Georgia",162,0,Pass,162,0,Pass
13103,"Effingham County, Georgia",772,0,Pass,1472,0,Pass
13105,"Elbert County, Georgia",162,0,Pass,305,0,Pass
13107,"Emanuel County, Georgia",193,0,Pass,537,0,Pass
13109,"Evans County, Georgia",22,0,Pass,211,0,Pass
13111,"Fannin County, Georgia",220,0,Pass,690,0,Pass
13113,"Fayette County, Georgia",553,0,Pass,2563,0,Pass
13115,"Floyd County, Georgia",973,0,Pass,2629,0,Pass
13117,"Forsyth County, Georgia",983,0,Pass,4880,0,Pass
13119,"Franklin County, Georgia",301,0,Pass,736,0,Pass
13121,"Fulton County, Georgia",5388,0,Pass,16976,0,Pass
13123,"Gilmer County, Georgia",351,0,Pass,748,0,Pass
13125,"Glascock County, Georgia",69,0,Pass,130,0,Pass
13127,"Glynn County, Georgia",838,0,Pass,1690,0,Pass
13129,"Gordon County, Georgia",520,0,Pass,1261,0,Pass
13131,"Grady County, Georgia",496,0,Pass,746,0,Pass
13133,"Greene County, Georgia",171,0,Pass,576,0,Pass
13135,"Gwinnett County, Georgia",6214,0,Pass,26392,0,Pass
13137,"Habersham County, Georgia",525,0,Pass,1194,0,Pass
13139,"Hall County, Georgia",1680,0,Pass,5659,0,Pass
13141,"Hancock County, Georgia",140,0,Pass,225,0,Pass
13143,"Haralson County, Georgia",288,0,Pass,726,0,Pass
13145,"Harris County, Georgia",480,0,Pass,841,0,Pass
13147,"Hart County, Georgia",165,0,Pass,627,0,Pass
13149,"Heard County, Georgia",230,0,Pass,639,0,Pass
13151,"Henry County, Georgia",2267,0,Pass,7623,0,Pass
13153,"Houston County, Georgia",1344,0,Pass,3825,0,Pass
13155,"Irwin County, Georgia",93,0,Pass,172,0,Pass
13157,"Jackson County, Georgia",741,0,Pass,2132,0,Pass
13159,"Jasper County, Georgia",113,0,Pass,372,0,Pass
13161,"Jeff Davis County, Georgia",144,0,Pass,517,0,Pass
13163,"Jefferson County, Georgia",306,0,Pass,521,0,Pass
13165,"Jenkins County, Georgia",102,0,Pass,229,0,Pass
13167,"Johnson County, Georgia",65,0,Pass,142,0,Pass
13169,"Jones County, Georgia",281,0,Pass,994,0,Pass
13171,"Lamar County, Georgia",135,0,Pass,264,0,Pass
13173,"Lanier County, Georgia",223,0,Pass,332,0,Pass
13175,"Laurens County, Georgia",364,0,Pass,1021,0,Pass
13177,"Lee County, Georgia",616,0,Pass,1093,0,Pass
13179,"Liberty County, Georgia",679,0,Pass,1426,0,Pass
13181,"Lincoln County, Georgia",109,0,Pass,197,0,Pass
13183,"Long County, Georgia",330,0,Pass,492,0,Pass
13185,"Lowndes County, Georgia",664,0,Pass,1870,0,Pass
13187,"Lumpkin County, Georgia",293,0,Pass,756,0,Pass
13189,"McDuffie County, Georgia",232,0,Pass,401,0,Pass
13191,"McIntosh County, Georgia",312,0,Pass,500,0,Pass
13193,"Macon County, Georgia",242,0,Pass,478,0,Pass
13195,"Madison County, Georgia",482,0,Pass,892,0,Pass
13197,"Marion County, Georgia",85,0,Pass,157,0,Pass
13199,"Meriwether County, Georgia",393,0,Pass,814,0,Pass
13201,"Miller County, Georgia",32,0,Pass,128,0,Pass
13205,"Mitchell County, Georgia",229,0,Pass,495,0,Pass
13207,"Monroe County, Georgia",293,0,Pass,830,0,Pass
13209,"Montgomery County, Georgia",195,0,Pass,363,0,Pass
13211,"Morgan County, Georgia",195,0,Pass,584,0,Pass
13213,"Murray County, Georgia",642,0,Pass,1348,0,Pass
13215,"Muscogee County, Georgia",2052,0,Pass,4411,0,Pass
13217,"Newton County, Georgia",923,0,Pass,3043,0,Pass
13219,"Oconee County, Georgia",127,0,Pass,514,0,Pass
13221,"Oglethorpe County, Georgia",68,0,Pass,386,0,Pass
13223,"Paulding County, Georgia",1575,0,Pass,5227,0,Pass
13225,"Peach County, Georgia",473,0,Pass,718,0,Pass
13227,"Pickens County, Georgia",313,0,Pass,939,0,Pass
13229,"Pierce County, Georgia",136,0,Pass,335,0,Pass
13231,"Pike County, Georgia",226,0,Pass,510,0,Pass
13233,"Polk County, Georgia",648,0,Pass,1466,0,Pass
13235,"Pulaski County, Georgia",87,0,Pass,279,0,Pass
13237,"Putnam County, Georgia",228,0,Pass,438,0,Pass
13239,"Quitman County, Georgia",42,0,Pass,147,0,Pass
13241,"Rabun County, Georgia",112,0,Pass,430,0,Pass
13243,"Randolph County, Georgia",110,0,Pass,180,0,Pass
13245,"Richmond County, Georgia",2037,0,Pass,5213,0,Pass
13247,"Rockdale County, Georgia",926,0,Pass,2928,0,Pass
13249,"Schley County, Georgia",105,0,Pass,149,0,Pass
13251,"Screven County, Georgia",242,0,Pass,321,0,Pass
13253,"Seminole County, Georgia",259,0,Pass,392,0,Pass
13255,"Spalding County, Georgia",957,0,Pass,2252,0,Pass
13257,"Stephens County, Georgia",272,0,Pass,722,0,Pass
13259,"Stewart County, Georgia",13,0,Pass,88,0,Pass
13261,"Sumter County, Georgia",272,0,Pass,647,0,Pass
13263,"Talbot County, Georgia",160,0,Pass,281,0,Pass
13265,"Taliaferro County, Georgia",7,0,Pass,101,0,Pass
13267,"Tattnall County, Georgia",352,0,Pass,637,0,Pass
13269,"Taylor County, Georgia",56,0,Pass,80,0,Pass
13271,"Telfair County, Georgia",91,0,Pass,453,0,Pass
13273,"Terrell County, Georgia",53,0,Pass,215,0,Pass
13275,"Thomas County, Georgia",467,0,Pass,1301,0,Pass
13277,"Tift County, Georgia",296,0,Pass,747,0,Pass
13279,"Toombs County, Georgia",494,0,Pass,964,0,Pass
13281,"Towns County, Georgia",264,0,Pass,499,0,Pass
13283,"Treutlen County, Georgia",94,0,Pass,136,0,Pass
13285,"Troup County, Georgia",784,0,Pass,1610,0,Pass
13287,"Turner County, Georgia",74,0,Pass,266,0,Pass
13289,"Twiggs County, Georgia",73,0,Pass,432,0,Pass
13291,"Union County, Georgia",379,0,Pass,739,0,Pass
13293,"Upson County, Georgia",182,0,Pass,636,0,Pass
13295,"Walker County, Georgia",1090,0,Pass,2266,0,Pass
13297,"Walton County, Georgia",1033,0,Pass,2831,0,Pass
13299,"Ware County, Georgia",384,0,Pass,764,0,Pass
13301,"Warren County, Georgia",127,0,Pass,190,0,Pass
13303,"Washington County, Georgia",588,0,Pass,801,0,Pass
13305,"Wayne County, Georgia",278,0,Pass,571,0,Pass
13307,"Webster County, Georgia",6,0,Pass,24,0,Pass
13309,"Wheeler County, Georgia",89,0,Pass,123,0,Pass
13311,"White County, Georgia",314,0,Pass,851,0,Pass
13313,"Whitfield County, Georgia",906,0,Pass,2195,0,Pass
13315,"Wilcox County, Georgia",94,0,Pass,235,0,Pass
13317,"Wilkes County, Georgia",148,0,Pass,324,0,Pass
13319,"Wilkinson County, Georgia",125,0,Pass,234,0,Pass
13321,"Worth County, Georgia",351,0,Pass,652,0,Pass
