geoid,name,metric,reason
38,North Dakota,pct_responsible_exclusion,Retained
38,North Dakota,percent_responsible_grandparents_less_than_six_months_exclusion,Retained
38,North Dakota,percent_responsible_grandparents_six_to_eleven_months_exclusion,Retained
38,North Dakota,percent_responsible_grandparents_one_or_two_years_exclusion,Retained
38,North Dakota,percent_responsible_grandparents_three_or_four_years_exclusion,Retained
38,North Dakota,percent_responsible_grandparents_five_plus_years_exclusion,Retained
21,Kentucky,pct_responsible_exclusion,Retained
21,Kentucky,percent_responsible_grandparents_less_than_six_months_exclusion,Retained
21,Kentucky,percent_responsible_grandparents_six_to_eleven_months_exclusion,Retained
21,Kentucky,percent_responsible_grandparents_one_or_two_years_exclusion,Retained
21,Kentucky,percent_responsible_grandparents_three_or_four_years_exclusion,Retained
21,Kentucky,percent_responsible_grandparents_five_plus_years_exclusion,Retained
28,Mississippi,pct_responsible_exclusion,Retained
28,Mississippi,percent_responsible_grandparents_less_than_six_months_exclusion,Retained
28,Mississippi,percent_responsible_grandparents_six_to_eleven_months_exclusion,Retained
28,Mississippi,percent_responsible_grandparents_one_or_two_years_exclusion,Retained
28,Mississippi,percent_responsible_grandparents_three_or_four_years_exclusion,Retained
28,Mississippi,percent_responsible_grandparents_five_plus_years_exclusion,Retained
22,Louisiana,pct_responsible_exclusion,Retained
22,Louisiana,percent_responsible_grandparents_less_than_six_months_exclusion,Retained
22,Louisiana,percent_responsible_grandparents_six_to_eleven_months_exclusion,Retained
22,Louisiana,percent_responsible_grandparents_one_or_two_years_exclusion,Retained
22,Louisiana,percent_responsible_grandparents_three_or_four_years_exclusion,Retained
22,Louisiana,percent_responsible_grandparents_five_plus_years_exclusion,Retained
54,West Virginia,pct_responsible_exclusion,Retained
54,West Virginia,percent_responsible_grandparents_less_than_six_months_exclusion,Retained
54,West Virginia,percent_responsible_grandparents_six_to_eleven_months_exclusion,Retained
54,West Virginia,percent_responsible_grandparents_one_or_two_years_exclusion,Retained
54,West Virginia,percent_responsible_grandparents_three_or_four_years_exclusion,Retained
54,West Virginia,percent_responsible_grandparents_five_plus_years_exclusion,Retained
01,Alabama,pct_responsible_exclusion,Retained
01,Alabama,percent_responsible_grandparents_less_than_six_months_exclusion,Retained
01,Alabama,percent_responsible_grandparents_six_to_eleven_months_exclusion,Retained
01,Alabama,percent_responsible_grandparents_one_or_two_years_exclusion,Retained
01,Alabama,percent_responsible_grandparents_three_or_four_years_exclusion,Retained
01,Alabama,percent_responsible_grandparents_five_plus_years_exclusion,Retained
56,Wyoming,pct_responsible_exclusion,Retained
56,Wyoming,percent_responsible_grandparents_less_than_six_months_exclusion,Retained
56,Wyoming,percent_responsible_grandparents_six_to_eleven_months_exclusion,Retained
56,Wyoming,percent_responsible_grandparents_one_or_two_years_exclusion,Retained
56,Wyoming,percent_responsible_grandparents_three_or_four_years_exclusion,Retained
56,Wyoming,percent_responsible_grandparents_five_plus_years_exclusion,Retained
30,Montana,pct_responsible_exclusion,Retained
30,Montana,percent_responsible_grandparents_less_than_six_months_exclusion,Retained
30,Montana,percent_responsible_grandparents_six_to_eleven_months_exclusion,Retained
30,Montana,percent_responsible_grandparents_one_or_two_years_exclusion,Retained
30,Montana,percent_responsible_grandparents_three_or_four_years_exclusion,Retained
30,Montana,percent_responsible_grandparents_five_plus_years_exclusion,Retained
05,Arkansas,pct_responsible_exclusion,Retained
05,Arkansas,percent_responsible_grandparents_less_than_six_months_exclusion,Retained
05,Arkansas,percent_responsible_grandparents_six_to_eleven_months_exclusion,Retained
05,Arkansas,percent_responsible_grandparents_one_or_two_years_exclusion,Retained
05,Arkansas,percent_responsible_grandparents_three_or_four_years_exclusion,Retained
05,Arkansas,percent_responsible_grandparents_five_plus_years_exclusion,Retained
46,South Dakota,pct_responsible_exclusion,Retained
46,South Dakota,percent_responsible_grandparents_less_than_six_months_exclusion,Retained
46,South Dakota,percent_responsible_grandparents_six_to_eleven_months_exclusion,Retained
46,South Dakota,percent_responsible_grandparents_one_or_two_years_exclusion,Retained
46,South Dakota,percent_responsible_grandparents_three_or_four_years_exclusion,Retained
46,South Dakota,percent_responsible_grandparents_five_plus_years_exclusion,Retained
40,Oklahoma,pct_responsible_exclusion,Retained
40,Oklahoma,percent_responsible_grandparents_less_than_six_months_exclusion,Retained
40,Oklahoma,percent_responsible_grandparents_six_to_eleven_months_exclusion,Retained
40,Oklahoma,percent_responsible_grandparents_one_or_two_years_exclusion,Retained
40,Oklahoma,percent_responsible_grandparents_three_or_four_years_exclusion,Retained
40,Oklahoma,percent_responsible_grandparents_five_plus_years_exclusion,Retained
47,Tennessee,pct_responsible_exclusion,Retained
47,Tennessee,percent_responsible_grandparents_less_than_six_months_exclusion,Retained
47,Tennessee,percent_responsible_grandparents_six_to_eleven_months_exclusion,Retained
47,Tennessee,percent_responsible_grandparents_one_or_two_years_exclusion,Retained
47,Tennessee,percent_responsible_grandparents_three_or_four_years_exclusion,Retained
47,Tennessee,percent_responsible_grandparents_five_plus_years_exclusion,Retained
35,New Mexico,pct_responsible_exclusion,Retained
35,New Mexico,percent_responsible_grandparents_less_than_six_months_exclusion,Retained
35,New Mexico,percent_responsible_grandparents_six_to_eleven_months_exclusion,Retained
35,New Mexico,percent_responsible_grandparents_one_or_two_years_exclusion,Retained
35,New Mexico,percent_responsible_grandparents_three_or_four_years_exclusion,Retained
35,New Mexico,percent_responsible_grandparents_five_plus_years_exclusion,Retained
45,South Carolina,pct_responsible_exclusion,Retained
45,South Carolina,percent_responsible_grandparents_less_than_six_months_exclusion,Retained
45,South Carolina,percent_responsible_grandparents_six_to_eleven_months_exclusion,Retained
45,South Carolina,percent_responsible_grandparents_one_or_two_years_exclusion,Retained
45,South Carolina,percent_responsible_grandparents_three_or_four_years_exclusion,Retained
45,South Carolina,percent_responsible_grandparents_five_plus_years_exclusion,Retained
29,Missouri,pct_responsible_exclusion,Retained
29,Missouri,percent_responsible_grandparents_less_than_six_months_exclusion,Retained
29,Missouri,percent_responsible_grandparents_six_to_eleven_months_exclusion,Retained
29,Missouri,percent_responsible_grandparents_one_or_two_years_exclusion,Retained
29,Missouri,percent_responsible_grandparents_three_or_four_years_exclusion,Retained
29,Missouri,percent_responsible_grandparents_five_plus_years_exclusion,Retained
18,Indiana,pct_responsible_exclusion,Retained
18,Indiana,percent_responsible_grandparents_less_than_six_months_exclusion,Retained
18,Indiana,percent_responsible_grandparents_six_to_eleven_months_exclusion,Retained
18,Indiana,percent_responsible_grandparents_one_or_two_years_exclusion,Retained
18,Indiana,percent_responsible_grandparents_three_or_four_years_exclusion,Retained
18,Indiana,percent_responsible_grandparents_five_plus_years_exclusion,Retained
39,Ohio,pct_responsible_exclusion,Retained
39,Ohio,percent_responsible_grandparents_less_than_six_months_exclusion,Retained
39,Ohio,percent_responsible_grandparents_six_to_eleven_months_exclusion,Retained
39,Ohio,percent_responsible_grandparents_one_or_two_years_exclusion,Retained
39,Ohio,percent_responsible_grandparents_three_or_four_years_exclusion,Retained
39,Ohio,percent_responsible_grandparents_five_plus_years_exclusion,Retained
20,Kansas,pct_responsible_exclusion,Retained
20,Kansas,percent_responsible_grandparents_less_than_six_months_exclusion,Retained
20,Kansas,percent_responsible_grandparents_six_to_eleven_months_exclusion,Retained
20,Kansas,percent_responsible_grandparents_one_or_two_years_exclusion,Retained
20,Kansas,percent_responsible_grandparents_three_or_four_years_exclusion,Retained
20,Kansas,percent_responsible_grandparents_five_plus_years_exclusion,Retained
37,North Carolina,pct_responsible_exclusion,Retained
37,North Carolina,percent_responsible_grandparents_less_than_six_months_exclusion,Retained
37,North Carolina,percent_responsible_grandparents_six_to_eleven_months_exclusion,Retained
37,North Carolina,percent_responsible_grandparents_one_or_two_years_exclusion,Retained
37,North Carolina,percent_responsible_grandparents_three_or_four_years_exclusion,Retained
37,North Carolina,percent_responsible_grandparents_five_plus_years_exclusion,Retained
19,Iowa,pct_responsible_exclusion,Retained
19,Iowa,percent_responsible_grandparents_less_than_six_months_exclusion,Retained
19,Iowa,percent_responsible_grandparents_six_to_eleven_months_exclusion,Retained
19,Iowa,percent_responsible_grandparents_one_or_two_years_exclusion,Retained
19,Iowa,percent_responsible_grandparents_three_or_four_years_exclusion,Retained
19,Iowa,percent_responsible_grandparents_five_plus_years_exclusion,Retained
02,Alaska,pct_responsible_exclusion,Retained
02,Alaska,percent_responsible_grandparents_less_than_six_months_exclusion,Retained
02,Alaska,percent_responsible_grandparents_six_to_eleven_months_exclusion,Retained
02,Alaska,percent_responsible_grandparents_one_or_two_years_exclusion,Retained
02,Alaska,percent_responsible_grandparents_three_or_four_years_exclusion,Retained
02,Alaska,percent_responsible_grandparents_five_plus_years_exclusion,Retained
50,Vermont,pct_responsible_exclusion,Retained
50,Vermont,percent_responsible_grandparents_less_than_six_months_exclusion,Retained
50,Vermont,percent_responsible_grandparents_six_to_eleven_months_exclusion,Retained
50,Vermont,percent_responsible_grandparents_one_or_two_years_exclusion,Percentage MOE exceeds 50% of estimate
50,Vermont,percent_responsible_grandparents_three_or_four_years_exclusion,Retained
50,Vermont,percent_responsible_grandparents_five_plus_years_exclusion,Retained
13,Georgia,pct_responsible_exclusion,Retained
13,Georgia,percent_responsible_grandparents_less_than_six_months_exclusion,Retained
13,Georgia,percent_responsible_grandparents_six_to_eleven_months_exclusion,Retained
13,Georgia,percent_responsible_grandparents_one_or_two_years_exclusion,Retained
13,Georgia,percent_responsible_grandparents_three_or_four_years_exclusion,Retained
13,Georgia,percent_responsible_grandparents_five_plus_years_exclusion,Retained
10,Delaware,pct_responsible_exclusion,Retained
10,Delaware,percent_responsible_grandparents_less_than_six_months_exclusion,Retained
10,Delaware,percent_responsible_grandparents_six_to_eleven_months_exclusion,Percentage MOE exceeds 50% of estimate
10,Delaware,percent_responsible_grandparents_one_or_two_years_exclusion,Retained
10,Delaware,percent_responsible_grandparents_three_or_four_years_exclusion,Retained
10,Delaware,percent_responsible_grandparents_five_plus_years_exclusion,Retained
55,Wisconsin,pct_responsible_exclusion,Retained
55,Wisconsin,percent_responsible_grandparents_less_than_six_months_exclusion,Retained
55,Wisconsin,percent_responsible_grandparents_six_to_eleven_months_exclusion,Retained
55,Wisconsin,percent_responsible_grandparents_one_or_two_years_exclusion,Retained
55,Wisconsin,percent_responsible_grandparents_three_or_four_years_exclusion,Retained
55,Wisconsin,percent_responsible_grandparents_five_plus_years_exclusion,Retained
51,Virginia,pct_responsible_exclusion,Retained
51,Virginia,percent_responsible_grandparents_less_than_six_months_exclusion,Retained
51,Virginia,percent_responsible_grandparents_six_to_eleven_months_exclusion,Retained
51,Virginia,percent_responsible_grandparents_one_or_two_years_exclusion,Retained
51,Virginia,percent_responsible_grandparents_three_or_four_years_exclusion,Retained
51,Virginia,percent_responsible_grandparents_five_plus_years_exclusion,Retained
23,Maine,pct_responsible_exclusion,Retained
23,Maine,percent_responsible_grandparents_less_than_six_months_exclusion,Retained
23,Maine,percent_responsible_grandparents_six_to_eleven_months_exclusion,Retained
23,Maine,percent_responsible_grandparents_one_or_two_years_exclusion,Retained
23,Maine,percent_responsible_grandparents_three_or_four_years_exclusion,Retained
23,Maine,percent_responsible_grandparents_five_plus_years_exclusion,Retained
16,Idaho,pct_responsible_exclusion,Retained
16,Idaho,percent_responsible_grandparents_less_than_six_months_exclusion,Retained
16,Idaho,percent_responsible_grandparents_six_to_eleven_months_exclusion,Retained
16,Idaho,percent_responsible_grandparents_one_or_two_years_exclusion,Retained
16,Idaho,percent_responsible_grandparents_three_or_four_years_exclusion,Retained
16,Idaho,percent_responsible_grandparents_five_plus_years_exclusion,Retained
42,Pennsylvania,pct_responsible_exclusion,Retained
42,Pennsylvania,percent_responsible_grandparents_less_than_six_months_exclusion,Retained
42,Pennsylvania,percent_responsible_grandparents_six_to_eleven_months_exclusion,Retained
42,Pennsylvania,percent_responsible_grandparents_one_or_two_years_exclusion,Retained
42,Pennsylvania,percent_responsible_grandparents_three_or_four_years_exclusion,Retained
42,Pennsylvania,percent_responsible_grandparents_five_plus_years_exclusion,Retained
11,District of Columbia,pct_responsible_exclusion,Retained
11,District of Columbia,percent_responsible_grandparents_less_than_six_months_exclusion,Retained
11,District of Columbia,percent_responsible_grandparents_six_to_eleven_months_exclusion,Retained
11,District of Columbia,percent_responsible_grandparents_one_or_two_years_exclusion,Retained
11,District of Columbia,percent_responsible_grandparents_three_or_four_years_exclusion,Retained
11,District of Columbia,percent_responsible_grandparents_five_plus_years_exclusion,Retained
08,Colorado,pct_responsible_exclusion,Retained
08,Colorado,percent_responsible_grandparents_less_than_six_months_exclusion,Retained
08,Colorado,percent_responsible_grandparents_six_to_eleven_months_exclusion,Retained
08,Colorado,percent_responsible_grandparents_one_or_two_years_exclusion,Retained
08,Colorado,percent_responsible_grandparents_three_or_four_years_exclusion,Retained
08,Colorado,percent_responsible_grandparents_five_plus_years_exclusion,Retained
31,Nebraska,pct_responsible_exclusion,Retained
31,Nebraska,percent_responsible_grandparents_less_than_six_months_exclusion,Retained
31,Nebraska,percent_responsible_grandparents_six_to_eleven_months_exclusion,Retained
31,Nebraska,percent_responsible_grandparents_one_or_two_years_exclusion,Retained
31,Nebraska,percent_responsible_grandparents_three_or_four_years_exclusion,Retained
31,Nebraska,percent_responsible_grandparents_five_plus_years_exclusion,Retained
48,Texas,pct_responsible_exclusion,Retained
48,Texas,percent_responsible_grandparents_less_than_six_months_exclusion,Retained
48,Texas,percent_responsible_grandparents_six_to_eleven_months_exclusion,Retained
48,Texas,percent_responsible_grandparents_one_or_two_years_exclusion,Retained
48,Texas,percent_responsible_grandparents_three_or_four_years_exclusion,Retained
48,Texas,percent_responsible_grandparents_five_plus_years_exclusion,Retained
26,Michigan,pct_responsible_exclusion,Retained
26,Michigan,percent_responsible_grandparents_less_than_six_months_exclusion,Retained
26,Michigan,percent_responsible_grandparents_six_to_eleven_months_exclusion,Retained
26,Michigan,percent_responsible_grandparents_one_or_two_years_exclusion,Retained
26,Michigan,percent_responsible_grandparents_three_or_four_years_exclusion,Retained
26,Michigan,percent_responsible_grandparents_five_plus_years_exclusion,Retained
04,Arizona,pct_responsible_exclusion,Retained
04,Arizona,percent_responsible_grandparents_less_than_six_months_exclusion,Retained
04,Arizona,percent_responsible_grandparents_six_to_eleven_months_exclusion,Retained
04,Arizona,percent_responsible_grandparents_one_or_two_years_exclusion,Retained
04,Arizona,percent_responsible_grandparents_three_or_four_years_exclusion,Retained
04,Arizona,percent_responsible_grandparents_five_plus_years_exclusion,Retained
27,Minnesota,pct_responsible_exclusion,Retained
27,Minnesota,percent_responsible_grandparents_less_than_six_months_exclusion,Retained
27,Minnesota,percent_responsible_grandparents_six_to_eleven_months_exclusion,Retained
27,Minnesota,percent_responsible_grandparents_one_or_two_years_exclusion,Retained
27,Minnesota,percent_responsible_grandparents_three_or_four_years_exclusion,Retained
27,Minnesota,percent_responsible_grandparents_five_plus_years_exclusion,Retained
17,Illinois,pct_responsible_exclusion,Retained
17,Illinois,percent_responsible_grandparents_less_than_six_months_exclusion,Retained
17,Illinois,percent_responsible_grandparents_six_to_eleven_months_exclusion,Retained
17,Illinois,percent_responsible_grandparents_one_or_two_years_exclusion,Retained
17,Illinois,percent_responsible_grandparents_three_or_four_years_exclusion,Retained
17,Illinois,percent_responsible_grandparents_five_plus_years_exclusion,Retained
12,Florida,pct_responsible_exclusion,Retained
12,Florida,percent_responsible_grandparents_less_than_six_months_exclusion,Retained
12,Florida,percent_responsible_grandparents_six_to_eleven_months_exclusion,Retained
12,Florida,percent_responsible_grandparents_one_or_two_years_exclusion,Retained
12,Florida,percent_responsible_grandparents_three_or_four_years_exclusion,Retained
12,Florida,percent_responsible_grandparents_five_plus_years_exclusion,Retained
53,Washington,pct_responsible_exclusion,Retained
53,Washington,percent_responsible_grandparents_less_than_six_months_exclusion,Retained
53,Washington,percent_responsible_grandparents_six_to_eleven_months_exclusion,Retained
53,Washington,percent_responsible_grandparents_one_or_two_years_exclusion,Retained
53,Washington,percent_responsible_grandparents_three_or_four_years_exclusion,Retained
53,Washington,percent_responsible_grandparents_five_plus_years_exclusion,Retained
41,Oregon,pct_responsible_exclusion,Retained
41,Oregon,percent_responsible_grandparents_less_than_six_months_exclusion,Retained
41,Oregon,percent_responsible_grandparents_six_to_eleven_months_exclusion,Retained
41,Oregon,percent_responsible_grandparents_one_or_two_years_exclusion,Retained
41,Oregon,percent_responsible_grandparents_three_or_four_years_exclusion,Retained
41,Oregon,percent_responsible_grandparents_five_plus_years_exclusion,Retained
32,Nevada,pct_responsible_exclusion,Retained
32,Nevada,percent_responsible_grandparents_less_than_six_months_exclusion,Retained
32,Nevada,percent_responsible_grandparents_six_to_eleven_months_exclusion,Retained
32,Nevada,percent_responsible_grandparents_one_or_two_years_exclusion,Retained
32,Nevada,percent_responsible_grandparents_three_or_four_years_exclusion,Retained
32,Nevada,percent_responsible_grandparents_five_plus_years_exclusion,Retained
24,Maryland,pct_responsible_exclusion,Retained
24,Maryland,percent_responsible_grandparents_less_than_six_months_exclusion,Retained
24,Maryland,percent_responsible_grandparents_six_to_eleven_months_exclusion,Retained
24,Maryland,percent_responsible_grandparents_one_or_two_years_exclusion,Retained
24,Maryland,percent_responsible_grandparents_three_or_four_years_exclusion,Retained
24,Maryland,percent_responsible_grandparents_five_plus_years_exclusion,Retained
09,Connecticut,pct_responsible_exclusion,Retained
09,Connecticut,percent_responsible_grandparents_less_than_six_months_exclusion,Retained
09,Connecticut,percent_responsible_grandparents_six_to_eleven_months_exclusion,Retained
09,Connecticut,percent_responsible_grandparents_one_or_two_years_exclusion,Retained
09,Connecticut,percent_responsible_grandparents_three_or_four_years_exclusion,Retained
09,Connecticut,percent_responsible_grandparents_five_plus_years_exclusion,Retained
33,New Hampshire,pct_responsible_exclusion,Retained
33,New Hampshire,percent_responsible_grandparents_less_than_six_months_exclusion,Retained
33,New Hampshire,percent_responsible_grandparents_six_to_eleven_months_exclusion,Retained
33,New Hampshire,percent_responsible_grandparents_one_or_two_years_exclusion,Retained
33,New Hampshire,percent_responsible_grandparents_three_or_four_years_exclusion,Retained
33,New Hampshire,percent_responsible_grandparents_five_plus_years_exclusion,Retained
44,Rhode Island,pct_responsible_exclusion,Retained
44,Rhode Island,percent_responsible_grandparents_less_than_six_months_exclusion,Percentage MOE exceeds 50% of estimate
44,Rhode Island,percent_responsible_grandparents_six_to_eleven_months_exclusion,Retained
44,Rhode Island,percent_responsible_grandparents_one_or_two_years_exclusion,Retained
44,Rhode Island,percent_responsible_grandparents_three_or_four_years_exclusion,Retained
44,Rhode Island,percent_responsible_grandparents_five_plus_years_exclusion,Retained
36,New York,pct_responsible_exclusion,Retained
36,New York,percent_responsible_grandparents_less_than_six_months_exclusion,Retained
36,New York,percent_responsible_grandparents_six_to_eleven_months_exclusion,Retained
36,New York,percent_responsible_grandparents_one_or_two_years_exclusion,Retained
36,New York,percent_responsible_grandparents_three_or_four_years_exclusion,Retained
36,New York,percent_responsible_grandparents_five_plus_years_exclusion,Retained
49,Utah,pct_responsible_exclusion,Retained
49,Utah,percent_responsible_grandparents_less_than_six_months_exclusion,Retained
49,Utah,percent_responsible_grandparents_six_to_eleven_months_exclusion,Retained
49,Utah,percent_responsible_grandparents_one_or_two_years_exclusion,Retained
49,Utah,percent_responsible_grandparents_three_or_four_years_exclusion,Retained
49,Utah,percent_responsible_grandparents_five_plus_years_exclusion,Retained
25,Massachusetts,pct_responsible_exclusion,Retained
25,Massachusetts,percent_responsible_grandparents_less_than_six_months_exclusion,Retained
25,Massachusetts,percent_responsible_grandparents_six_to_eleven_months_exclusion,Retained
25,Massachusetts,percent_responsible_grandparents_one_or_two_years_exclusion,Retained
25,Massachusetts,percent_responsible_grandparents_three_or_four_years_exclusion,Retained
25,Massachusetts,percent_responsible_grandparents_five_plus_years_exclusion,Retained
34,New Jersey,pct_responsible_exclusion,Retained
34,New Jersey,percent_responsible_grandparents_less_than_six_months_exclusion,Retained
34,New Jersey,percent_responsible_grandparents_six_to_eleven_months_exclusion,Retained
34,New Jersey,percent_responsible_grandparents_one_or_two_years_exclusion,Retained
34,New Jersey,percent_responsible_grandparents_three_or_four_years_exclusion,Retained
34,New Jersey,percent_responsible_grandparents_five_plus_years_exclusion,Retained
15,Hawaii,pct_responsible_exclusion,Retained
15,Hawaii,percent_responsible_grandparents_less_than_six_months_exclusion,Retained
15,Hawaii,percent_responsible_grandparents_six_to_eleven_months_exclusion,Retained
15,Hawaii,percent_responsible_grandparents_one_or_two_years_exclusion,Retained
15,Hawaii,percent_responsible_grandparents_three_or_four_years_exclusion,Retained
15,Hawaii,percent_responsible_grandparents_five_plus_years_exclusion,Retained
06,California,pct_responsible_exclusion,Retained
06,California,percent_responsible_grandparents_less_than_six_months_exclusion,Retained
06,California,percent_responsible_grandparents_six_to_eleven_months_exclusion,Retained
06,California,percent_responsible_grandparents_one_or_two_years_exclusion,Retained
06,California,percent_responsible_grandparents_three_or_four_years_exclusion,Retained
06,California,percent_responsible_grandparents_five_plus_years_exclusion,Retained
