geoid,name,estimate_coresident_grandparents_total,estimate_responsible_total,estimate_less_than_six_months,estimate_six_to_eleven_months,estimate_one_or_two_years,estimate_three_or_four_years,estimate_five_plus_years,estimate_not_responsible,moe_coresident_grandparents_total,moe_responsible_total,moe_less_than_six_months,moe_six_to_eleven_months,moe_one_or_two_years,moe_three_or_four_years,moe_five_plus_years,moe_not_responsible,duration_sum,duration_difference,duration_reconciliation_status,coresident_components_sum,coresident_difference,coresident_reconciliation_status,pct_responsible,moe_ratio,moe_exceeds_estimate,high_moe_flag,severe_moe_flag,cv_responsible_percent,responsible_ci90_lower,responsible_ci90_upper,pct_responsible_moe,percent_responsible_grandparents_less_than_six_months,percent_responsible_grandparents_less_than_six_months_moe,percent_responsible_grandparents_six_to_eleven_months,percent_responsible_grandparents_six_to_eleven_months_moe,percent_responsible_grandparents_one_or_two_years,percent_responsible_grandparents_one_or_two_years_moe,percent_responsible_grandparents_three_or_four_years,percent_responsible_grandparents_three_or_four_years_moe,percent_responsible_grandparents_five_plus_years,percent_responsible_grandparents_five_plus_years_moe,pct_responsible_ci90_lower,pct_responsible_ci90_upper,pct_responsible_cv_percent,pct_responsible_exclusion,percent_responsible_grandparents_less_than_six_months_ci90_lower,percent_responsible_grandparents_less_than_six_months_ci90_upper,percent_responsible_grandparents_less_than_six_months_cv_percent,percent_responsible_grandparents_less_than_six_months_exclusion,percent_responsible_grandparents_six_to_eleven_months_ci90_lower,percent_responsible_grandparents_six_to_eleven_months_ci90_upper,percent_responsible_grandparents_six_to_eleven_months_cv_percent,percent_responsible_grandparents_six_to_eleven_months_exclusion,percent_responsible_grandparents_one_or_two_years_ci90_lower,percent_responsible_grandparents_one_or_two_years_ci90_upper,percent_responsible_grandparents_one_or_two_years_cv_percent,percent_responsible_grandparents_one_or_two_years_exclusion,percent_responsible_grandparents_three_or_four_years_ci90_lower,percent_responsible_grandparents_three_or_four_years_ci90_upper,percent_responsible_grandparents_three_or_four_years_cv_percent,percent_responsible_grandparents_three_or_four_years_exclusion,percent_responsible_grandparents_five_plus_years_ci90_lower,percent_responsible_grandparents_five_plus_years_ci90_upper,percent_responsible_grandparents_five_plus_years_cv_percent,percent_responsible_grandparents_five_plus_years_exclusion,acs_year,acs_period,acs_product,national_rank,map_pct_responsible
38,North Dakota,6973,3769,328,317,815,480,1829,3204,540,378,132,149,209,216,206,484,3769,0,Pass,6973,0,Pass,54.05134088627563,0.10029185460334306,FALSE,FALSE,FALSE,6.097311819120425,3391,4147,3.4445850620892657,8.702573626956752,3.39175717428161,8.41071902361369,3.8622622324376734,21.623772884054127,5.103572243507233,12.735473600424516,5.58681790272049,48.52746086495092,2.4872525307999136,50.606755824186365,57.4959259483649,3.874388659486763,Retained,5.310816452675143,12.094330801238362,23.694622242585368,Retained,4.548456791176017,12.272981256051365,27.917811833362403,Retained,16.520200640546893,26.72734512756136,14.348798561806666,Retained,7.148655697704026,18.322291503145006,26.669947417524288,Retained,46.04020833415101,51.01471339575083,3.116054584017592,Retained,2024,2020-2024,ACS five-year,1,54.05134088627563
21,Kentucky,96378,48988,3653,3330,8253,7415,26337,47390,2558,2074,612,483,861,730,1387,1860,48988,0,Pass,96378,0,Pass,50.82902737139181,0.04233689883236711,FALSE,FALSE,FALSE,2.5739006887094997,46914,51062,1.6765652231185868,7.456928227320976,1.2087372908021676,6.7975830815709974,0.943019861247722,16.846982934596227,1.6063435786582907,15.13635992487956,1.3453329413385868,53.76214583163224,1.68391145244101,49.15246214827322,52.5055925945104,2.005309434888592,Retained,6.248190936518808,8.665665518123143,9.854729340659237,Retained,5.854563220323275,7.74060294281872,8.434106069675899,Retained,15.240639355937937,18.453326513254517,5.796809772018176,Retained,13.791026983540974,16.481692866218147,5.403573626300761,Retained,52.07823437919123,55.44605728407325,1.9042124454110565,Retained,2024,2020-2024,ACS five-year,2,50.82902737139181
28,Mississippi,74790,36688,2577,3614,6380,5897,18220,38102,2604,1822,444,668,778,882,1319,1921,36688,0,Pass,74790,0,Pass,49.05468645540847,0.04966201482773659,FALSE,FALSE,FALSE,3.0192361201026054,34866,38510,1.7371581036207284,7.024095071958134,1.1588413207390085,9.850632359354556,1.753808393124502,17.389882250327084,1.936761350476769,16.073375490623636,2.267664733939149,49.66201482773659,2.6158388911762716,47.31752835178774,50.7918445590292,2.1529383093033188,Retained,5.865253751219125,8.182936392697142,10.030124746710396,Retained,8.096823966230055,11.604440752479055,10.824074593055938,Retained,15.453120899850315,19.326643600803852,6.7709906131358055,Retained,13.805710756684489,18.341040224562786,8.577179499650947,Retained,47.04617593656032,52.277853718912866,3.2022807181454067,Retained,2024,2020-2024,ACS five-year,3,49.05468645540847
22,Louisiana,103163,50347,3942,4300,9432,8793,23880,52816,3079,2275,653,927,935,995,1652,2072,50347,0,Pass,103163,0,Pass,48.803350038288926,0.04518640634000039,FALSE,FALSE,FALSE,2.7471384443944533,48072,52622,1.6557425897038385,7.829662144715674,1.247812308353559,8.5407273521759,1.8003222558914136,18.73398613621467,1.6529564410222009,17.464794327368065,1.8118800818333032,47.43083003952569,2.4845582068820207,47.147607448585084,50.45909262799277,2.06260434684911,Retained,6.581849836362115,9.077474453069232,9.689000671876244,Retained,6.740405096284486,10.341049608067314,12.815281064242685,Retained,17.08102969519247,20.386942577236873,5.3641875992925385,Retained,15.65291424553476,19.27667440920137,6.3072307277575295,Retained,44.94627183264367,49.91538824640771,3.184646220396368,Retained,2024,2020-2024,ACS five-year,4,48.803350038288926
54,West Virginia,37894,18349,1493,1132,3551,2812,9361,19545,1979,1423,452,308,629,507,930,1264,18349,0,Pass,37894,0,Pass,48.42191375943421,0.07755191018584119,FALSE,FALSE,FALSE,4.714821362529009,16926,19772,2.7760951458005683,8.136683197994442,2.3811573710848646,6.169273529892638,1.6089371063576476,19.35255327265791,3.0819737020618465,15.325085835740367,2.494429228696405,51.01640416371465,3.167867264189091,45.64581861363365,51.19800890523478,3.485500425099835,Retained,5.755525826909578,10.517840569079306,17.791535646428155,Retained,4.56033642353499,7.778210636250286,15.85542124509282,Retained,16.270579570596063,22.43452697471976,9.681962589340383,Retained,12.830656607043965,17.81951506443677,9.89557453420372,Retained,47.84853689952555,54.18427142790374,3.7751122946121254,Retained,2024,2020-2024,ACS five-year,5,48.42191375943421
01,Alabama,110944,52977,3203,3522,9991,9066,27195,57967,3125,2341,542,594,1216,856,1518,2206,52977,0,Pass,110944,0,Pass,47.75111768099221,0.04418898767389622,FALSE,FALSE,FALSE,2.6864996951610176,50636,55318,1.6258300190319364,6.046019970930781,0.9875856649398744,6.648168072937312,1.082071073144049,18.859127545916152,2.138706980505685,17.113086811257716,1.4279151481375156,51.33359759895803,1.750696617346808,46.12528766196027,49.37694770002415,2.069971375750988,Retained,5.058434305990907,7.033605635870655,9.93065611733154,Retained,5.566096999793263,7.730239146081361,9.895244739824552,Retained,16.720420565410468,20.997834526421837,6.8944945469515275,Retained,15.6851716631202,18.54100195939523,5.0727889087165074,Retained,49.58290098161123,53.08429421630484,2.0733944607506345,Retained,2024,2020-2024,ACS five-year,6,47.75111768099221
56,Wyoming,7630,3627,396,359,714,639,1519,4003,806,518,151,142,195,273,321,572,3627,0,Pass,7630,0,Pass,47.536041939711666,0.14281775572098152,FALSE,FALSE,FALSE,8.68270303088769,3109,4145,4.568908825833944,10.918114143920596,3.8601793960042543,9.897987317342157,3.650968820872741,19.685690653432587,4.582655754955787,17.617866004962778,7.093868294859059,41.88034188034188,6.523204396457884,42.96713311387772,52.10495076554561,5.843354267001422,Retained,7.057934747916341,14.77829353992485,21.494760040703433,Retained,6.2470184964694155,13.548956138214898,22.42507862035191,Retained,15.1030348984768,24.268346408388375,14.15270067773494,Retained,10.52399771010372,24.711734299821835,24.479501054934776,Retained,35.357137483883996,48.403546276799766,9.469422886074794,Retained,2024,2020-2024,ACS five-year,7,47.536041939711666
30,Montana,15554,7359,489,610,1493,918,3849,8195,935,656,131,194,348,250,480,634,7359,0,Pass,15554,0,Pass,47.31258840169731,0.08914254654164969,FALSE,FALSE,FALSE,5.41948201840088,6703,8015,3.1143050133243264,6.644924582144313,1.6786902376268529,8.289169724147301,2.530552780873081,20.288082619921184,4.369409750817996,12.474520994700368,3.210047528762029,52.30330207908683,4.5613820090121155,44.198283388372985,50.42689341502164,4.001816585117703,Retained,4.96623434451746,8.323614819771166,15.358657363414336,Retained,5.758616943274221,10.819722505020382,18.55996321517444,Retained,15.918672869103188,24.65749237073918,13.09346259672331,Retained,9.264473465938336,15.684568523462396,15.644451010996466,Retained,47.74192007007472,56.86468408809895,5.302004357478539,Retained,2024,2020-2024,ACS five-year,8,47.31258840169731
05,Arkansas,67877,31874,2986,2380,5600,4952,15956,36003,2794,1664,433,434,786,599,1242,1903,31874,0,Pass,67877,0,Pass,46.95846899538872,0.05220555939009851,FALSE,FALSE,FALSE,3.173872649498602,30210,33538,1.5078372971425138,9.3681370395934,1.267384416890749,7.466900922381879,1.304618987436816,17.56917864089854,2.289035897908134,15.536173683880278,1.6952377765142388,50.0596097132459,2.8902644863048708,45.450631698246205,48.46630629253123,1.9521504977072128,Retained,8.10075262270265,10.635521456484147,8.224847818202791,Retained,6.162281934945064,8.771519909818695,10.62223852571246,Retained,15.280142742990405,19.85821453880667,7.920888284356186,Retained,13.84093590736604,17.23141146039452,6.633753000689554,Retained,47.169345226941026,52.94987419955077,3.510127327293283,Retained,2024,2020-2024,ACS five-year,9,46.95846899538872
46,South Dakota,12604,5865,458,351,1197,853,3006,6739,868,536,188,131,252,183,353,558,5865,0,Pass,12604,0,Pass,46.53284671532847,0.09138959931798808,FALSE,FALSE,FALSE,5.556093127105003,5329,6401,2.7956102258045044,7.809036658141517,3.1250010290293817,5.9846547314578,2.1655904743065375,20.40920716112532,3.870721729890015,14.54390451832907,2.8229428248100947,51.25319693094629,3.779612964179421,43.737236489523966,49.32845694113297,3.652495938058269,Retained,4.6840356291121354,10.9340376871709,24.329066548163368,Retained,3.8190642571512625,8.150245205764337,21.99935640492667,Retained,16.538485431235305,24.279928891015334,11.530245646182294,Retained,11.720961693518976,17.366847343139163,11.80032070670374,Retained,47.47358396676687,55.03280989512571,4.483313551447468,Retained,2024,2020-2024,ACS five-year,10,46.53284671532847
40,Oklahoma,80884,37439,2830,2273,6591,6965,18780,43445,2152,1444,449,314,476,789,1077,1553,37439,0,Pass,80884,0,Pass,46.28727560456951,0.03856940623414087,FALSE,FALSE,FALSE,2.344853402282633,35995,38883,1.2925009287610263,7.558962579128716,1.1633074428675243,6.071209166911509,0.8053455221223123,17.604636875984937,1.07490473593488,18.603595181495233,1.9815156748169545,50.16159619647961,2.1288984796799344,44.99477467580848,47.57977653333054,1.69762588017818,Retained,6.395655136261191,8.722270021996241,9.356319734376063,Retained,5.265863644789197,6.876554689033822,8.064543631477013,Retained,16.529732140050058,18.679541611919817,3.712065647644125,Retained,16.62207950667828,20.585110856312188,6.475501000169601,Retained,48.032697716799674,52.29049467615954,2.580217683062544,Retained,2024,2020-2024,ACS five-year,11,46.28727560456951
47,Tennessee,151952,68870,5248,5249,13209,10110,35054,83082,4361,3229,844,767,1283,893,1905,2753,68870,0,Pass,151952,0,Pass,45.323523217858266,0.0468854363293161,FALSE,FALSE,FALSE,2.8504321333571996,65641,72099,1.6803738875514012,7.62015391316974,1.1722622499749429,7.621605924205024,1.0548067933783356,19.179613765064616,1.6315232134095632,14.679831566719908,1.0988969263767592,50.89879483084071,1.3986568602499492,43.64314933030686,47.00389710540967,2.2540056742554544,Retained,6.447891663194797,8.792416163144683,9.352630560818618,Retained,6.566799130826689,8.67641271758336,8.413935366885214,Retained,17.548090551655054,20.811136978474178,5.171614486949215,Retained,13.580934640343148,15.778728493096663,4.551018796919841,Retained,49.50013797059076,52.29745169109066,1.6706151815877412,Retained,2024,2020-2024,ACS five-year,12,45.323523217858266
35,New Mexico,48573,20650,1387,1423,3431,3201,11208,27923,2184,1621,347,297,543,516,1162,1587,20650,0,Pass,48573,0,Pass,42.51333045107364,0.07849878934624697,FALSE,FALSE,FALSE,4.772387527985367,19029,22271,2.7355489708473293,6.716707021791768,1.5955267873784749,6.891041162227602,1.3326544472465354,16.61501210653753,2.2832850351255845,15.501210653753024,2.182494450447662,54.27602905569008,3.6758305133740024,39.77778148022631,45.248879421920975,3.9119393098826096,Retained,5.121180234413293,8.312233809170243,14.441770464870118,Retained,5.558386714981067,8.223695609474138,11.75724185515138,Retained,14.331727071411947,18.89829714166311,8.35472599962964,Retained,13.318716203305364,17.683705104200687,8.559734083982207,Retained,50.60019854231608,57.95185956906408,4.1173724615382294,Retained,2024,2020-2024,ACS five-year,13,42.51333045107364
45,South Carolina,112391,47484,4070,4088,7407,7168,24751,64907,3240,2479,854,674,1001,862,1837,2174,47484,0,Pass,112391,0,Pass,42.24893452322695,0.05220705921994777,FALSE,FALSE,FALSE,3.173963832678958,45005,49963,1.8389342812394245,8.571308230140678,1.7419424119375322,8.609215735826805,1.3463850793225862,15.598938589840788,1.9444250660843163,15.095611153230562,1.6353568223559984,52.12492629096117,2.7497645609973147,40.410000241987525,44.087868804466375,2.646203205672879,Retained,6.829365818203146,10.313250642078213,12.355474353497923,Retained,7.262830656504218,9.95560081514939,9.507765079598451,Retained,13.65451352375647,17.543363655925106,7.57824961139564,Retained,13.460254330874564,16.730967975586562,6.586194773254212,Retained,49.37516172996386,54.87469085195848,3.2071760479344333,Retained,2024,2020-2024,ACS five-year,14,42.24893452322695
29,Missouri,101709,42245,4405,3105,6807,7178,20750,59464,2662,2090,945,578,835,858,1452,1852,42245,0,Pass,101709,0,Pass,41.53516404644623,0.04947331045094094,FALSE,FALSE,FALSE,3.0077637085941484,40155,44335,1.7437834022981409,10.427269499349036,2.176654970254896,7.349982246419695,1.319003896268042,16.113149485146174,1.8086815428231504,16.99135992425139,1.8488807246775816,49.118238844833705,2.430741814225936,39.79138064414809,43.278947448744375,2.552403625072983,Retained,8.25061452909414,12.603924469603932,12.690880004240674,Retained,6.030978350151653,8.668986142687737,10.910195469451876,Retained,14.304467942323024,17.921831027969326,6.824241913262921,Retained,15.14247919957381,18.840240648928972,6.615360235841992,Retained,46.68749703060777,51.54898065905964,3.0086300472633933,Retained,2024,2020-2024,ACS five-year,15,41.53516404644623
18,Indiana,116598,48111,3795,4005,10202,7566,22543,68487,3623,2309,527,537,1108,691,1541,2727,48111,0,Pass,116598,0,Pass,41.262285802500905,0.04799318243229199,FALSE,FALSE,FALSE,2.9177783144899823,45802,50420,1.5092301905869057,7.888008979235519,1.027885924515873,8.324499594687286,1.0422174963216018,21.20512980399493,2.0659446895474214,15.726133316705118,1.2219677387065548,46.85622830537715,2.280846746842649,39.753055611914,42.77151599308781,2.2236935919803034,Retained,6.8601230547196455,8.915894903751392,7.922281425900893,Retained,7.282282098365684,9.366717091008889,7.611547577359209,Retained,19.139185114447507,23.27107449354235,5.92311954688233,Retained,14.504165577998563,16.948101055411673,4.724006977184118,Retained,44.5753815585345,49.1370750522198,2.9593853633489995,Retained,2024,2020-2024,ACS five-year,16,41.262285802500905
39,Ohio,191520,78003,5830,4944,12873,12434,41922,113517,4011,2399,637,614,894,1055,1722,3428,78003,0,Pass,191520,0,Pass,40.72838345864662,0.03075522736305013,FALSE,FALSE,FALSE,1.8697850592366123,75604,80402,0.9173163092430284,7.474071510070125,0.7836162406877145,6.338217760855351,0.7626302379238833,16.50321141494558,1.0275944824055427,15.940412548235324,1.2605327759960487,53.74408676589362,1.4633569789127183,39.81106714940359,41.645699767889646,1.3692876315472602,Retained,6.690455269382411,8.257687750757839,6.374100735873794,Retained,5.575587522931468,7.100847998779234,7.315088891893063,Retained,15.475616932540037,17.530805897351122,3.785524346173737,Retained,14.679879772239277,17.200945324231373,4.807588954781124,Retained,52.2807297869809,55.20744374480634,1.655359550030232,Retained,2024,2020-2024,ACS five-year,17,40.72838345864662
20,Kansas,43237,17439,1910,1604,3902,2570,7453,25798,2187,1284,342,390,565,570,846,1585,17439,0,Pass,43237,0,Pass,40.33351065060018,0.0736280750043007,FALSE,FALSE,FALSE,4.476269121937679,16155,18723,2.15796996345254,10.952462870577442,1.7876529135678707,9.19777510178336,2.1313650223628304,22.375136189001665,2.789743795794533,14.7370835483686,3.0831746510280724,42.737542290268934,3.692219522516588,38.175540687147645,42.49148061405272,3.2527606974421417,Retained,9.16480995700957,12.740115784145312,9.923026580717066,Retained,7.066410079420528,11.329140124146187,14.087949665044812,Retained,19.58539239320713,25.16487998479619,7.580037884955695,Retained,11.653908897340528,17.820258199396672,12.719186173557404,Retained,39.045322767752346,46.42976181278552,5.252314389971548,Retained,2024,2020-2024,ACS five-year,18,40.33351065060018
37,North Carolina,200657,77588,6435,6136,14176,12375,38466,123069,4428,2759,831,797,1257,971,2054,3131,77588,0,Pass,200657,0,Pass,38.66697897407018,0.03555962262205495,FALSE,FALSE,FALSE,2.161871551328262,74829,80347,1.0781861487309348,8.293808320874362,1.029635957886473,7.908439449399392,0.9879762424007696,18.270866628860137,1.484113860346203,15.94963138629685,1.1155868151893191,49.57725421456926,1.9749171924074949,37.58879282533925,39.74516512280112,1.6952207092081812,Retained,7.264172362987889,9.323444278760835,7.547488328173805,Retained,6.9204632069986225,8.896415691800161,7.595011761513613,Retained,16.78675276851393,19.754980489206336,4.938338060588832,Retained,14.834044571107531,17.06521820148617,4.252315363649973,Retained,47.60233702216176,51.552171406976754,2.4218049559334167,Retained,2024,2020-2024,ACS five-year,19,38.66697897407018
19,Iowa,33437,12823,1534,1231,2735,1478,5845,20614,1481,869,402,245,487,268,595,1121,12823,0,Pass,33437,0,Pass,38.34973233244609,0.06776885284254855,FALSE,FALSE,FALSE,4.120053707645073,11954,13692,1.9670137766096296,11.96287920143492,3.0283530146749396,9.599937612103252,1.796456052090667,21.32886220073306,3.512049233072654,11.526163924198706,1.938539832967869,45.58215706153007,3.4624114992378265,36.382718555836455,40.31674610905572,3.1182993758280535,Retained,8.934526186759982,14.99123221610986,15.390173834501274,Retained,7.803481560012585,11.39639366419392,11.376821123512316,Retained,17.816812967660407,24.84091143380571,10.010727741415222,Retained,9.587624091230836,13.464703757166577,10.224985026558594,Retained,42.119745562292245,49.04456856076789,4.618027889750881,Retained,2024,2020-2024,ACS five-year,20,38.34973233244609
02,Alaska,16346,6195,612,586,1048,927,3022,10151,1047,579,204,183,289,216,326,918,6195,0,Pass,16346,0,Pass,37.89918022757861,0.09346246973365616,FALSE,FALSE,FALSE,5.682114700192323,5616,6774,2.579519511864711,9.878934624697337,3.1608867126280615,9.459241323648104,2.8185958865951637,16.91686844229217,4.388947663602605,14.9636803874092,3.1939060433102315,48.78127522195319,2.627815789931502,35.3196607157139,40.47869973944332,4.137916706564233,Retained,6.7180479120692755,13.039821337325398,19.452327045845177,Retained,6.640645437052939,12.277837210243266,18.115455214891064,Retained,12.527920778689566,21.305816105894777,15.772958961598798,Retained,11.769774344098968,18.15758643071943,12.976466679604998,Retained,46.15345943202168,51.40909101188469,3.2750241875093655,Retained,2024,2020-2024,ACS five-year,21,37.89918022757861
50,Vermont,7109,2530,150,102,476,136,1666,4579,734,424,63,46,262,60,339,547,2530,0,Pass,7109,0,Pass,35.58869039246026,0.16758893280632411,FALSE,FALSE,FALSE,10.18868366524072,2106,2954,4.697924346057976,5.928853754940711,2.283293487964242,4.0316205533596845,1.6879796988816278,18.814229249011856,9.864045989291128,5.375494071146245,2.193772177432097,65.8498023715415,7.599485653021265,30.890766046402284,40.28661473851823,8.025401245435186,Retained,3.645560266976469,8.212147242904953,23.413360029512077,Retained,2.343640854478057,5.719600252241312,25.454250380985737,Retained,8.950183259720728,28.678275238302984,31.87435461804205,Percentage MOE exceeds 50% of estimate,3.181721893714148,7.569266248578343,24.81109206475984,Retained,58.25031671852024,73.44928802456276,7.016208181919251,Retained,2024,2020-2024,ACS five-year,22,35.58869039246026
13,Georgia,255408,89880,7617,7160,18732,12090,44281,165528,5954,3211,957,894,1453,1089,2275,5134,89880,0,Pass,255408,0,Pass,35.19075361774103,0.0357254116599911,FALSE,FALSE,FALSE,2.171950809155198,86669,93091,0.9526681743945687,8.474632843791722,1.0208013984746416,7.966177125055631,0.9530757173154972,20.8411214953271,1.4349317703907671,13.451268357810417,1.1122417762504293,49.26680017801513,1.8190282229145511,34.23808544334646,36.1434217921356,1.6458332534149065,Retained,7.453831445317081,9.495434242266365,7.32306868824864,Retained,7.013101407740134,8.919252842371128,7.273612983682189,Retained,19.406189724936333,22.27605326571787,4.185842750026276,Retained,12.339026581559985,14.563510134060843,5.026997964965145,Retained,47.44777195510058,51.085828400929685,2.244697507378854,Retained,2024,2020-2024,ACS five-year,23,35.19075361774103
10,Delaware,22879,8033,1293,503,1295,905,4037,14846,1692,985,352,265,389,209,613,1212,8033,0,Pass,22879,0,Pass,35.11080029721579,0.12261919581725383,FALSE,FALSE,FALSE,7.4547177820626525,7048,9018,3.434086033534768,16.096103572762356,3.912263489007265,6.261670608738952,3.208297132904772,16.121000871405453,4.420693031907608,11.266027636001494,2.2047319366175606,50.25519731109175,4.501016446697466,31.67671426368102,38.54488633075056,5.946250292750542,Retained,12.18384008375509,20.008367061769626,14.776789336804416,Retained,3.05337347583418,9.469967741643725,31.149932384341977,Percentage MOE exceeds 50% of estimate,11.700307839497846,20.54169390331306,16.671362727236648,Retained,9.061295699383932,13.470759572619055,11.897555080704883,Retained,45.754180864394286,54.75621375778921,5.4450561249970635,Retained,2024,2020-2024,ACS five-year,24,35.11080029721579
55,Wisconsin,61575,21035,1830,1936,3737,3202,10330,40540,2335,1567,361,404,528,427,1174,1811,21035,0,Pass,61575,0,Pass,34.16159155501421,0.07449488946993106,FALSE,FALSE,FALSE,4.528967699575672,19468,22602,2.190466330468484,8.699786070834325,1.5891125637764163,9.20370810553839,1.7940595370909047,17.765628714048017,2.132861235525223,15.22224863323033,1.6836826641428009,49.10862847634894,4.2149781410656155,31.971125224545727,36.352057885482694,3.898263839775789,Retained,7.110673507057909,10.28889863461074,11.105006858312873,Retained,7.409648568447484,10.997767642629292,11.850775143276651,Retained,15.632767478522794,19.89848994957324,7.298855450198578,Retained,13.53856596908753,16.905931297373133,6.724409797133921,Retained,44.893650335283326,53.323606617414555,5.2180743725183465,Retained,2024,2020-2024,ACS five-year,25,34.16159155501421
51,Virginia,168148,56987,2989,4254,11736,8716,29292,111161,3461,2457,562,624,1164,693,1594,2588,56987,0,Pass,168148,0,Pass,33.8909769964555,0.04311509642550055,FALSE,FALSE,FALSE,2.6212117430417767,54530,59444,1.283948949634672,5.2450558899398105,0.9599117633751209,7.464860406759437,1.04661805488952,20.594170600312353,1.8394823846469808,15.294716338814116,1.0217467449574815,51.40119676417429,1.706614473550389,32.60702804682083,35.17492594609017,2.3032252384992526,Retained,4.28514412656469,6.204967653314931,11.126381240202104,Retained,6.4182423518699165,8.511478461648956,8.52391822754143,Retained,18.75468821566537,22.433652984959338,5.430303092228066,Retained,14.272969593856637,16.3164630837716,4.06138891575335,Retained,49.6945822906239,53.107811237724675,2.0185287385324435,Retained,2024,2020-2024,ACS five-year,26,33.8909769964555
23,Maine,17039,5742,475,684,1321,657,2605,11297,1226,808,172,268,286,171,515,904,5742,0,Pass,17039,0,Pass,33.69916074887024,0.14071752002786486,FALSE,FALSE,FALSE,8.555017767062168,4934,6550,4.075264848976138,8.272378962034134,2.760035587067523,11.912225705329153,4.355965598968417,23.00592128178335,3.7852939798575713,11.442006269592476,2.505279997679911,45.367467781260885,6.299804953441949,29.6238958998941,37.77442559784638,7.352067682777497,Retained,5.512343374966611,11.032414549101656,20.284158875921527,Retained,7.556260106360735,16.26819130429757,22.23126988167084,Retained,19.22062730192578,26.79121526164092,10.00305663773232,Retained,8.936726271912566,13.94728626727239,13.311494982213912,Retained,39.067662827818936,51.667272734702834,8.442193599217438,Retained,2024,2020-2024,ACS five-year,27,33.69916074887024
16,Idaho,32585,10858,786,919,2515,1575,5063,21727,1811,898,313,241,502,353,696,1494,10858,0,Pass,32585,0,Pass,33.32208071198404,0.08270399705286424,FALSE,FALSE,FALSE,5.028046003469965,9960,11756,2.0408429782653257,7.238902191932215,2.819812909061661,8.46380548904034,2.1062922385973204,23.162645054337816,4.207777462203766,14.50543378154356,3.021623352229404,46.62921348314607,5.120192040505313,31.28123773371872,35.36292369024937,3.7234902652682873,Retained,4.419089282870555,10.058715100993876,23.682106448235466,Retained,6.357513250443019,10.57009772763766,15.129539048553536,Retained,18.95486759213405,27.37042251654158,11.044278618913888,Retained,11.483810429314158,17.527057133772963,12.664333849770104,Retained,41.50902144264075,51.74940552365138,6.675762894543775,Retained,2024,2020-2024,ACS five-year,28,33.32208071198404
42,Pennsylvania,217707,72511,5511,5840,13147,11828,36185,145196,4351,2898,796,785,965,1173,2003,3528,72511,0,Pass,217707,0,Pass,33.306692021845876,0.0399663499331136,FALSE,FALSE,FALSE,2.42978154884129,69613,75409,1.1527608460395768,7.600226172580712,1.05490320915746,8.053950435106398,1.0336340345705437,18.131042186702707,1.116254625837327,16.31200783329426,1.4805040049910572,49.90277337231592,1.911219959524384,32.1539311758063,34.45945286788545,2.1041682297673936,Retained,6.545322963423253,8.655129381738172,8.438375364757832,Retained,7.020316400535854,9.08758446967694,7.8024427649136205,Retained,17.01478756086538,19.247296812540036,3.742943284466179,Retained,14.831503828303202,17.792511838285318,5.517913758414835,Retained,47.99155341279154,51.8139933318403,2.3284061248659627,Retained,2024,2020-2024,ACS five-year,29,33.306692021845876
11,District of Columbia,9019,2984,300,88,388,718,1490,6035,1070,674,162,48,170,352,490,784,2984,0,Pass,9019,0,Pass,33.08570794988358,0.22587131367292224,FALSE,FALSE,FALSE,13.732000828033934,2310,3658,6.359239464517875,10.05361930294906,4.93121725237439,2.949061662198391,1.464181082048781,13.002680965147452,4.8816816893115655,24.06166219839142,10.469668443979876,49.93297587131367,11.934966404520914,26.7264684853657,39.444947414401454,11.685236066499792,Retained,5.122402050574671,14.98483655532345,29.819780597250094,Retained,1.48488058014961,4.413242744247173,30.184478791940567,Retained,8.120999275835889,17.884362654459018,22.8249215849456,Retained,13.591993754411543,34.5313306423713,26.45331152057381,Retained,37.99800946679276,61.86794227583459,14.53136777380507,Retained,2024,2020-2024,ACS five-year,30,33.08570794988358
08,Colorado,94178,31034,2515,2698,5450,5503,14868,63144,3158,1903,540,571,918,703,1244,2356,31034,0,Pass,94178,0,Pass,32.952494213085856,0.06131984275310949,FALSE,FALSE,FALSE,3.727981733350832,29131,32937,1.6917540618268352,8.104014951343688,1.6675574620590303,8.693690790745634,1.7609955598816502,17.56138428820004,2.755069130183051,17.732164722562352,1.987233530260007,47.90874524714829,2.727216929763168,31.26074015125902,34.64424827491269,3.121200577872113,Retained,6.436457489284657,9.771572413402716,12.509885010714903,Retained,6.932695230863985,10.454686350627284,12.314784449614836,Retained,14.806315158016988,20.31645341838309,9.537762357432465,Retained,15.744931192302346,19.71939825282236,6.813337346164318,Retained,45.18152831738512,50.635962176911455,3.460808994269476,Retained,2024,2020-2024,ACS five-year,31,32.952494213085856
31,Nebraska,24053,7846,668,684,1574,1096,3824,16207,1339,748,194,193,356,265,477,1155,7846,0,Pass,24053,0,Pass,32.61963164678003,0.09533520265103236,FALSE,FALSE,FALSE,5.795968777338817,7098,8594,2.5245557543615105,8.513892429263318,2.335577931898627,8.717817996431302,2.3151934189073637,20.061177670150396,4.114570908490464,13.968901351006885,3.103888352185088,48.7382105531481,3.92059173793069,30.095075892418517,35.14418740114154,4.705206162429971,Retained,6.178314497364692,10.849470361161943,16.677807148228133,Retained,6.402624577523938,11.033011415338668,16.145526974732483,Retained,15.946606761659933,24.17574857864086,12.469265440603817,Retained,10.865012998821795,17.072789703191972,13.50879415485507,Retained,44.81761881521741,52.65880229107879,4.89051712231532,Retained,2024,2020-2024,ACS five-year,32,32.61963164678003
48,Texas,722585,235377,22211,19200,45148,37012,111806,487208,10040,4783,1331,1505,2389,1801,3586,8566,235377,0,Pass,722585,0,Pass,32.57429921739311,0.02032059207144283,FALSE,FALSE,FALSE,1.2354042778325804,230594,240160,0.48300962738068703,9.436351045344278,0.5319717768410309,8.157126652136785,0.6175406637907098,19.18114344222247,0.9371427957619548,15.724561023379517,0.6952423685820346,47.500817836916944,1.1787262158633158,32.09128959001242,33.0573088447738,0.9014745056693416,Retained,8.904379268503247,9.968322822185309,3.4273404471775706,Retained,7.539585988346076,8.774667315927495,4.602577372469065,Retained,18.24400064646052,20.118286237984428,2.970325345183706,Retained,15.029318654797482,16.41980339196155,2.688007297536162,Retained,46.32209162105363,48.67954405278026,1.5086364583193923,Retained,2024,2020-2024,ACS five-year,33,32.57429921739311
26,Michigan,157211,50342,4822,4916,10198,7986,22420,106869,3103,2123,509,590,963,752,1425,2471,50342,0,Pass,157211,0,Pass,32.021932307535735,0.0421715466211116,FALSE,FALSE,FALSE,2.563847988059049,48219,52465,1.1933738640541969,9.578483175082436,0.9268895017275728,9.765205991021414,1.0972488300267975,20.257439116443525,1.7115604320753697,15.863493703070992,1.3356051846860182,44.53537801438163,2.1178190504074155,30.828558443481537,33.21530617158993,2.265696481739046,Retained,8.651593673354864,10.505372676810008,5.883069320082863,Retained,8.667957160994616,10.862454821048212,6.831191509276217,Retained,18.545878684368155,21.968999548518894,5.136655487047392,Retained,14.527888518384977,17.19909888775701,5.118609506614883,Retained,42.417558963974216,46.65319706478904,2.8910556457661665,Retained,2024,2020-2024,ACS five-year,34,32.021932307535735
04,Arizona,158674,47546,3797,4755,8845,8083,22066,111128,4191,2431,628,763,972,1050,1494,3268,47546,0,Pass,158674,0,Pass,29.964581468923708,0.05112943254953098,FALSE,FALSE,FALSE,3.1084487830259357,45115,49977,1.3118160674981594,7.9859504479872125,1.2561285146035546,10.000841290539688,1.5211161206817985,18.603037058848273,1.8095853645399576,17.000378580742858,2.0301313214083994,46.40979262188197,2.059821101335769,28.652765401425548,31.276397536421868,2.6615674284463253,Retained,6.729821933383658,9.242078962590767,9.562692846471272,Retained,8.47972516985789,11.521957411221486,9.246951439719547,Retained,16.793451694308317,20.41262242338823,5.913818167535963,Retained,14.970247259334458,19.03050990215126,7.260027773301345,Retained,44.3499715205462,48.46961372321774,2.698314817469495,Retained,2024,2020-2024,ACS five-year,35,29.964581468923708
27,Minnesota,63160,18407,1604,1545,3986,3265,8007,44753,2206,1195,299,314,509,549,810,1826,18407,0,Pass,63160,0,Pass,29.14344521849272,0.06492095398489706,FALSE,FALSE,FALSE,3.946913750934778,17212,19602,1.5948743739990687,8.71407616667572,1.5226854276994517,8.393545933612213,1.6164984831512332,21.65480523713805,2.3812191430795004,17.73781713478568,2.751288565124302,43.499755527788345,3.3747836780012244,27.54857084449365,30.738319592491788,3.3270423741750332,Retained,7.191390738976269,10.236761594375173,10.623352274134712,Retained,6.77704745046098,10.010044416763446,11.708535395884434,Retained,19.273586094058544,24.036024380217548,6.6852526746881065,Retained,14.986528569661376,20.48910569990998,9.429935301609246,Retained,40.12497184978712,46.87453920578957,4.716630630152622,Retained,2024,2020-2024,ACS five-year,36,29.14344521849272
17,Illinois,228305,65182,5523,7004,12153,10346,30156,163123,5241,2235,802,826,958,973,1607,4341,65182,0,Pass,228305,0,Pass,28.55040406473796,0.03428860728421957,FALSE,FALSE,FALSE,2.084599305518095,62947,67417,0.7271808294160508,8.473198122180971,1.1956072085770952,10.745297781596143,1.21247684705803,18.644717866895768,1.3234057006509137,15.87248013255193,1.3899927933590477,46.26430609677518,1.8872597635967092,27.823223235321912,29.27758489415401,1.5484703903885453,Retained,7.277590913603876,9.668805330758069,8.578550392142951,Retained,9.532820934538115,11.957774628654176,6.860057279811136,Retained,17.321312166244855,19.96812356754668,4.3152894178691135,Retained,14.482487339192884,17.262472925910977,5.324030069489157,Retained,44.37704633317847,48.15156586037189,2.480038205848692,Retained,2024,2020-2024,ACS five-year,37,28.55040406473796
12,Florida,477487,132601,11326,10808,25893,21065,63509,344886,7043,3865,1225,1095,1981,1660,2519,5612,132601,0,Pass,477487,0,Pass,27.770598990129574,0.02914759315540607,FALSE,FALSE,FALSE,1.7720478392613848,128736,136466,0.698150628785652,8.541413714828696,0.8896454747800826,8.15076809375495,0.790872867580376,19.527002058808,1.381287176420385,15.886003876290523,1.1630943343760058,47.89481225631783,1.2883833657349657,27.072448361343923,28.468749618915226,1.528398593867544,Retained,7.6517682400486144,9.431059189608778,6.332277798848997,Retained,7.359895226174574,8.941640961335326,5.8990337780256485,Retained,18.145714882387615,20.908289235228388,4.300521775989163,Retained,14.72290954191452,17.049098210666532,4.45115809015451,Retained,46.60642889058286,49.18319562205279,1.6354202729268017,Retained,2024,2020-2024,ACS five-year,38,27.770598990129574
53,Washington,139816,38725,3007,3234,6951,6247,19286,101091,3501,1990,432,495,724,656,1478,2779,38725,0,Pass,139816,0,Pass,27.697116209875837,0.05138799225306649,FALSE,FALSE,FALSE,3.1241680968480856,36735,40715,1.242894476304123,7.765009683666882,1.0417519132986557,8.351194318915429,1.2040502987121646,17.94964493221433,1.6262116338561683,16.131697869593285,1.4773024027231012,49.80245319561007,2.831450438000839,26.45422173357171,28.94001068617996,2.7281764010690113,Retained,6.723257770368226,8.806761596965538,8.156334874626864,Retained,7.147144020203264,9.555244617627594,8.76534034670305,Retained,16.32343329835816,19.5758565660705,5.508000167529181,Retained,14.654395466870184,17.609000272316386,5.567523615899616,Retained,46.971002757609234,52.633903633610906,3.4564555108179245,Retained,2024,2020-2024,ACS five-year,39,27.697116209875837
41,Oregon,68461,18763,1658,1706,4014,2798,8587,49698,2371,1300,462,391,709,471,772,1954,18763,0,Pass,68461,0,Pass,27.406844772936417,0.06928529552843361,FALSE,FALSE,FALSE,4.212246876753718,17463,20063,1.644643037941412,8.836539998934072,2.384962320009664,9.09236262857752,1.9863868797040176,21.393167403933273,3.4758687646275397,14.912327452965943,2.2877697487141893,45.765602515589194,2.621917228943159,25.762201734995006,29.051487810877827,3.648256409143301,Retained,6.451577678924408,11.221502318943736,16.408618491818327,Retained,7.105975748873503,11.078749508281538,13.281888587904811,Retained,17.917298639305734,24.86903616856081,9.87781810137901,Retained,12.624557704251751,17.200097201680133,9.326949484972792,Retained,43.14368528664603,48.387519744532355,3.482992475626641,Retained,2024,2020-2024,ACS five-year,40,27.406844772936417
32,Nevada,77522,20958,2908,1625,4395,2744,9286,56564,2776,1323,678,320,726,533,996,2303,20958,0,Pass,77522,0,Pass,27.03490622016976,0.06312625250501001,FALSE,FALSE,FALSE,3.837803648340828,19635,22281,1.4054578252704937,13.875369787193431,3.114208182217325,7.7536024429812,1.4462863965132022,20.970512453478385,3.201151087073723,13.092852371409483,2.4051332470622473,44.30766294493749,3.842117195579447,25.629448394899267,28.44036404544025,3.1605720392681613,Retained,10.761161604976108,16.989577969410757,13.645071586647155,Retained,6.307316046467998,9.199888839494404,11.340273145642213,Retained,17.769361366404663,24.171663540552107,9.280467884061874,Retained,10.687719124347238,15.497985618471732,11.16805679717764,Retained,40.46554574935804,48.14978014051694,5.271867760123199,Retained,2024,2020-2024,ACS five-year,41,27.03490622016976
24,Maryland,137693,37200,3536,3283,7076,5453,17852,100493,3228,1948,745,593,973,635,1325,3095,37200,0,Pass,137693,0,Pass,27.01662393876232,0.05236559139784946,FALSE,FALSE,FALSE,3.183601904742276,35252,39148,1.2650473103324582,9.50537634408602,1.939845411145912,8.825268817204302,1.5256265845114656,19.021505376344088,2.418503292880268,14.658602150537634,1.5246615198566824,47.98924731182796,2.524187630831983,25.75157662842986,28.281671249094774,2.8467441259555835,Retained,7.565530932940108,11.445221755231932,12.407107597508292,Retained,7.299642232692836,10.350895401715768,10.50976603898832,Retained,16.60300208346382,21.440008669224355,7.729911859322402,Retained,13.133940630680952,16.183263670394318,6.323443243978451,Retained,45.46505968099598,50.51343494265994,3.1977936749452907,Retained,2024,2020-2024,ACS five-year,42,27.01662393876232
09,Connecticut,58947,15662,1629,1177,2699,3072,7085,43285,2078,1281,411,336,685,623,831,1694,15662,0,Pass,58947,0,Pass,26.56963034590395,0.08179032052100625,FALSE,FALSE,FALSE,4.972498414499914,14381,16943,1.960930991222564,10.400970501851615,2.482471245802032,7.515004469416422,2.055382468347667,17.232792746775637,4.140305950948376,19.614353211594945,3.6399278682681815,45.23687907036138,3.802939116613783,24.608699354681384,28.53056133712651,4.486932552319317,Retained,7.918499256049584,12.883441747653649,14.510524317333536,Retained,5.459622001068755,9.57038693776409,16.627851904932758,Retained,13.09248679582726,21.37309869772401,14.606612671965143,Retained,15.97442534332676,23.254281079863123,11.282141150958402,Retained,41.4339399537476,49.03981818697517,5.1109246809306645,Retained,2024,2020-2024,ACS five-year,43,26.56963034590395
33,New Hampshire,21457,5647,816,515,920,750,2646,15810,1383,677,238,220,265,194,504,1123,5647,0,Pass,21457,0,Pass,26.317751782635035,0.11988666548609882,FALSE,FALSE,FALSE,7.28859173373947,4970,6324,2.6603630044104083,14.450150522401277,3.8421271475057335,9.1198866654861,3.7393065152282254,16.291836373295553,4.266975727667221,13.28138834779529,3.0441808929865126,46.85673809102178,6.935488431242767,23.65738877822463,28.97811478704544,6.1456080187055,Retained,10.60802337489554,18.29227766990701,16.164865859207854,Retained,5.380580150257874,12.859193180714325,24.92724993117027,Retained,12.024860645628332,20.558812100962776,15.922925972231775,Retained,10.237207454808775,16.325569240781803,13.934767382761176,Retained,39.921249659779015,53.79222652226455,8.998657922428022,Retained,2024,2020-2024,ACS five-year,44,26.317751782635035
44,Rhode Island,19967,5226,563,653,852,865,2293,14741,1380,947,343,281,311,377,620,1217,5226,0,Pass,19967,0,Pass,26.173185756498224,0.18120933792575583,FALSE,FALSE,FALSE,11.016745499817176,4279,6173,4.384307359644581,10.77305778798316,6.266290220217494,12.49521622655951,4.876975076969149,16.303099885189436,5.16593022032448,16.551856104094913,6.5608448641761505,43.87676999617298,8.805240327904768,21.788878396853644,30.557493116142805,10.183970867341577,Retained,4.506767567765667,17.039348008200655,35.36260572529926,Percentage MOE exceeds 50% of estimate,7.618241149590361,17.37219130352866,23.729003671057043,Retained,11.137169664864956,21.469030105513916,19.26420492264098,Retained,9.9910112399187625,23.112700968271064,24.09826688441505,Retained,35.07152966826821,52.68201032407775,12.200547156141276,Retained,2024,2020-2024,ACS five-year,45,26.173185756498224
36,New York,391560,97966,8092,7739,19122,15611,47402,293594,6002,2848,753,862,1318,1213,2145,5128,97966,0,Pass,391560,0,Pass,25.01940954132189,0.02907131045464753,FALSE,FALSE,FALSE,1.7674101803531013,95118,100814,0.6180251626580308,8.260008574403365,0.7301617507929854,7.899679480636139,0.8493985775511594,19.519016801747547,1.2198418817201613,15.935120347875795,1.1482579215651318,48.386174795337155,1.6779157633258754,24.40138437866386,25.637434703979924,1.5017645372916368,Retained,7.529846823610379,8.99017032519635,5.374169055597117,Retained,7.050280903084979,8.749078058187298,6.536944562170795,Retained,18.299174920027387,20.738858683467708,3.799429107399936,Retained,14.786862426310662,17.083378269440928,4.380834489934608,Retained,46.70825903201128,50.06409055866303,2.108247564518619,Retained,2024,2020-2024,ACS five-year,46,25.01940954132189
49,Utah,63739,14948,1495,897,3773,1966,6817,48791,2240,1218,350,221,613,411,789,1739,14948,0,Pass,63739,0,Pass,23.451889737837117,0.08148247257158148,FALSE,FALSE,FALSE,4.953782588095631,13730,16166,1.7240473711675954,10.001337971635,2.195056441708523,6.000802782981001,1.3952626545598743,25.24083489430024,3.547856546284516,13.15226117206315,2.5320800261483822,45.6047631790206,3.7485807433598106,21.72784236666952,25.17593710900471,4.469347202113924,Retained,7.806281529926478,12.196394413343524,13.34321031799382,Retained,4.605540128421127,7.396065437540876,14.135766393736397,Retained,21.69297834801572,28.788691440584756,8.545452775191825,Retained,10.620181145914769,15.684341198211532,11.70441592289914,Retained,41.85618243566079,49.35334392238041,4.997230802301118,Retained,2024,2020-2024,ACS five-year,47,23.451889737837117
25,Massachusetts,119994,27413,2488,1521,4489,5246,13669,92581,3278,1923,570,403,700,642,1187,2899,27413,0,Pass,119994,0,Pass,22.845308932113273,0.07014919928501076,FALSE,FALSE,FALSE,4.2647684958462495,25490,29336,1.4760677907775364,9.075985846131395,1.97943386395742,5.548462408346405,1.4176450890794745,16.37544230839383,2.2805621124623023,19.13690584759056,1.9190126750236736,49.86320358953781,2.5523301128531175,21.369241141335735,24.32137672289081,3.928095262072274,Retained,7.0965519821739775,11.055419710088817,13.259279612289989,Retained,4.1308173192669315,6.966107497425879,15.53343888273536,Retained,14.094880195931529,18.65600442085613,8.46684499117255,Retained,17.21789317256689,21.055918522614235,6.096475969509007,Retained,47.31087347668469,52.41553370239093,3.111927067856438,Retained,2024,2020-2024,ACS five-year,48,22.845308932113273
34,New Jersey,183472,40539,3207,2625,7165,6998,20544,142933,4464,2258,484,421,765,912,1684,3898,40539,0,Pass,183472,0,Pass,22.095469608441615,0.05569944991243,FALSE,FALSE,FALSE,3.3862861107989226,38281,42797,1.1070792419167657,7.9109006142233405,1.1096254650189763,6.475246059350255,0.9738654079145947,17.674338291521742,1.6099366506747494,17.26238930412689,2.0338613026911916,50.677125730777774,3.0476797757211926,20.98839036652485,23.20254885035838,3.0461284621615725,Retained,6.801275149204364,9.020526079242316,8.52752948392072,Retained,5.50138065143566,7.449111467264849,9.143561845796944,Retained,16.06440164084699,19.284274942196493,5.5378140305958485,Retained,15.2285280014357,19.296250606818084,7.1629706198114365,Retained,47.62944595505658,53.72480550649897,3.65620132241188,Retained,2024,2020-2024,ACS five-year,49,22.095469608441615
15,Hawaii,52307,10432,941,688,1660,1468,5675,41875,1748,892,238,174,314,335,717,1608,10432,0,Pass,52307,0,Pass,19.94379337373583,0.08550613496932516,FALSE,FALSE,FALSE,5.198403892497109,9540,11324,1.5696830227349634,9.020322085889571,2.1471105254322995,6.595092024539877,1.5697238946998309,15.912576687116564,2.6848874428818665,14.072085889570552,2.977325064322765,54.39992331288344,5.059897461946529,18.374110351000866,21.513476396470793,4.784944868433928,Retained,6.873211560457271,11.167432611321871,14.471218437401324,Retained,5.0253681298400465,8.164815919239707,14.470220619317194,Retained,13.227689244234698,18.597464129998432,10.257896605367003,Retained,11.094760825247787,17.049410953893318,12.86294816476858,Retained,49.34002585093691,59.45982077482997,5.654785969220077,Retained,2024,2020-2024,ACS five-year,50,19.94379337373583
06,California,1067698,209799,18624,17380,39646,32093,102056,857899,10020,4504,1223,1090,1813,1819,3504,8302,209799,0,Pass,1067698,0,Pass,19.649657487416857,0.02146816715046306,FALSE,FALSE,FALSE,1.305171888774784,205295,214303,0.37940128051809047,8.877068050848669,0.550907593066113,8.284119562057016,0.48815786924564186,18.89713487671533,0.7630147294388687,15.297022388095272,0.8024203026924317,48.64465512228371,1.3034113718448592,19.270256206898765,20.02905876793495,1.173860667417513,Retained,8.326160457782557,9.42797564391478,3.772957839661851,Retained,7.795961692811375,8.772277431302658,3.582503963591847,Retained,18.134120147276462,19.6601496061542,2.4547637546009904,Retained,14.49460208540284,16.099442690787704,3.189097150476992,Retained,47.34124375043885,49.94806649412857,1.628992633029428,Retained,2024,2020-2024,ACS five-year,51,19.649657487416857
